[
  {
    "file": "branch.obj",
    "vertices": 2767,
    "MSE_MinMax": 7.815262558275772e-07,
    "MAE_MinMax": 0.0007340000765433482,
    "MSE_UnitSphere": 2.339403117634809e-06,
    "MAE_UnitSphere": 0.0013248074861238479
  },
  {
    "file": "cylinder.obj",
    "vertices": 192,
    "MSE_MinMax": 7.966258421033582e-07,
    "MAE_MinMax": 0.0006109481915933477,
    "MSE_UnitSphere": 2.5735636000765344e-06,
    "MAE_UnitSphere": 0.0013824181634276994
  },
  {
    "file": "explosive.obj",
    "vertices": 2812,
    "MSE_MinMax": 1.2438178890503777e-07,
    "MAE_MinMax": 0.0002755318578340662,
    "MSE_UnitSphere": 3.901548210927798e-07,
    "MAE_UnitSphere": 0.000546595852152484
  },
  {
    "file": "fence.obj",
    "vertices": 1088,
    "MSE_MinMax": 1.5700000336421819e-07,
    "MAE_MinMax": 0.00027300471568148183,
    "MSE_UnitSphere": 3.6075811017769505e-07,
    "MAE_UnitSphere": 0.0005421463852801064
  },
  {
    "file": "girl.obj",
    "vertices": 8284,
    "MSE_MinMax": 2.0540857857605905e-07,
    "MAE_MinMax": 0.00036982259319256485,
    "MSE_UnitSphere": 3.5219181767372975e-07,
    "MAE_UnitSphere": 0.0005163143670199183
  },
  {
    "file": "person.obj",
    "vertices": 3103,
    "MSE_MinMax": 7.891145874144547e-07,
    "MAE_MinMax": 0.0006918588893309607,
    "MSE_UnitSphere": 1.7631068611526918e-06,
    "MAE_UnitSphere": 0.0011392551428412558
  },
  {
    "file": "table.obj",
    "vertices": 3148,
    "MSE_MinMax": 1.4881127939019155e-07,
    "MAE_MinMax": 0.0003067378844393455,
    "MSE_UnitSphere": 4.6995121045678146e-07,
    "MAE_UnitSphere": 0.0005989163298246506
  },
  {
    "file": "talwar.obj",
    "vertices": 1668,
    "MSE_MinMax": 1.307100895117411e-07,
    "MAE_MinMax": 0.00022837003788953226,
    "MSE_UnitSphere": 5.845993011736295e-07,
    "MAE_UnitSphere": 0.0006505920271432901
  }
]